subset,order_sequence,order_min,order_max,n_obs,distribution,delta_min,delta_max,mu_degree,sigma_degree,nll,rmse,mae,success,message,beta_mu_0,beta_mu_1,beta_sigma_0,beta_sigma_1,beta_sigma_2
order_0,0,0,0,16445,truncated_gaussian,-3.699780994474596,2.5708398149375107,1,2,0.9648752115190917,0.6375163064220517,0.2626504764330062,True,CONVERGENCE: NORM_OF_PROJECTED_GRADIENT_<=_PGTOL,-1.9702155831850752,0.1547835251356095,-0.19757131915564713,-0.6590926428497086,0.3782352129629181
order_1,1,1,1,14392,truncated_gaussian,-3.699780994474596,2.5708398149375107,1,2,0.9788726559415588,0.8381601455092405,0.4766573204373486,True,CONVERGENCE: NORM_OF_PROJECTED_GRADIENT_<=_PGTOL,-3.0460636861292834,0.02592722691140239,0.20271367245059965,-0.5920659853907323,0.3546728376813717
order_2,2,2,2,13410,truncated_gaussian,-3.699780994474596,2.5708398149375107,1,2,0.9877010766776102,0.920819127617556,0.5608110462929936,True,CONVERGENCE: NORM_OF_PROJECTED_GRADIENT_<=_PGTOL,-3.362615914472969,0.3519918872756777,0.40911329537200386,-0.9629518524048426,0.5661379179841209
order_3,3,3,3,12798,truncated_gaussian,-3.699780994474596,2.5708398149375107,1,2,0.9893580341949572,0.8609525180831312,0.5324440625241154,True,CONVERGENCE: NORM_OF_PROJECTED_GRADIENT_<=_PGTOL,-2.9712891017144774,-0.12519997559851154,0.32911074804334856,-1.0633581470307631,0.8054302173630047
order_4,4,4,4,12294,truncated_gaussian,-3.699780994474596,2.5708398149375107,1,2,0.971157818804953,1.5968473997961024,1.3720381090840286,True,CONVERGENCE: REL_REDUCTION_OF_F_<=_FACTR*EPSMCH,-3.305912910411941,-1.2669568166323923,0.42078224858754165,-0.4654514557362984,0.5150199053274164
order_5,5,5,5,11780,truncated_gaussian,-3.699780994474596,2.5708398149375107,1,2,0.9280524851718803,19.136868029272577,18.915552007045797,True,CONVERGENCE: REL_REDUCTION_OF_F_<=_FACTR*EPSMCH,-13.089970082799809,-14.34644717734452,1.3685881165546823,0.028277312686882463,0.173763790356331
order_6,6,6,6,11285,truncated_gaussian,-3.699780994474596,2.5708398149375107,1,2,0.9837833445502672,27.139618465516723,27.00270821143487,True,CONVERGENCE: REL_REDUCTION_OF_F_<=_FACTR*EPSMCH,-21.9442833460386,-12.946169076047902,1.6795161741155389,-0.2914581581033051,0.3930616152178129
order_7,7,7,7,10798,truncated_gaussian,-3.699780994474596,2.5708398149375107,1,2,1.2307076257128924,29.5483875043839,29.418782607113933,True,CONVERGENCE: REL_REDUCTION_OF_F_<=_FACTR*EPSMCH,-24.44019520976149,-12.242497614298781,1.7484941215477046,-0.028008990289179088,0.28530839963809385
order_8,8,8,8,10204,truncated_gaussian,-3.699780994474596,2.5708398149375107,1,2,1.4299578842427414,1.9839791625365073,1.6205236181050566,True,CONVERGENCE: NORM_OF_PROJECTED_GRADIENT_<=_PGTOL,-5.203058376577904,2.682857493352909,0.90998835641377,-0.32244208351121556,-0.0776455190210469
order_9,9,9,9,9598,truncated_gaussian,-3.699780994474596,2.5708398149375107,1,2,1.444089786905022,1.1220851414837894,0.9784145341444768,True,CONVERGENCE: NORM_OF_PROJECTED_GRADIENT_<=_PGTOL,-2.6507709314585806,1.1286828811776664,0.6529107024788683,-0.8043094722217587,0.17852248821670752
order_10,10,10,10,8860,truncated_gaussian,-3.699780994474596,2.5708398149375107,1,2,1.4061127499287822,1.0366717210063432,0.8666859262924954,True,CONVERGENCE: NORM_OF_PROJECTED_GRADIENT_<=_PGTOL,-2.1396315970751463,0.589363435445715,0.6962467428801212,-1.4309009901776384,0.7262333339694594
order_11,11,11,11,8120,truncated_gaussian,-3.699780994474596,2.5708398149375107,1,2,1.3219859624962138,0.9315396784033761,0.7563227082752177,True,CONVERGENCE: REL_REDUCTION_OF_F_<=_FACTR*EPSMCH,-1.8869413372264343,0.3806562062685632,0.5335175158130506,-1.395338288341713,0.7159924489074262
order_12,12,12,12,7418,truncated_gaussian,-3.699780994474596,2.5708398149375107,1,2,1.337089535877466,0.9430344199963282,0.7446622380338943,True,CONVERGENCE: NORM_OF_PROJECTED_GRADIENT_<=_PGTOL,-1.708552515472872,0.06645031665579658,0.3864891532701262,-1.2048223076757136,0.8202152450295547
order_13,13,13,13,6808,truncated_gaussian,-3.699780994474596,2.5708398149375107,1,2,1.201808325359524,0.8169074474438602,0.6521678058047583,True,CONVERGENCE: NORM_OF_PROJECTED_GRADIENT_<=_PGTOL,-1.6870662264630514,0.3409391770995065,0.3482967211143998,-1.5254743361208336,0.9443497476917396
order_14,14,14,14,6212,truncated_gaussian,-3.699780994474596,2.5708398149375107,1,2,1.2006473164281324,0.8111556370418902,0.6420296161027961,True,CONVERGENCE: NORM_OF_PROJECTED_GRADIENT_<=_PGTOL,-1.6507498891784842,0.3768602084035385,0.1733930266124108,-0.9250158544448831,0.47621085628259324
order_15,15,15,15,5680,truncated_gaussian,-3.699780994474596,2.5708398149375107,1,2,1.2197606227142435,0.8293214127710603,0.6685187968531219,True,CONVERGENCE: NORM_OF_PROJECTED_GRADIENT_<=_PGTOL,-1.6864774172428216,0.5122126555121947,0.24487125636446458,-1.060707536957735,0.5566701167179582
order_16,16,16,16,5179,truncated_gaussian,-3.699780994474596,2.5708398149375107,1,2,1.1982748247474335,0.8122572716927556,0.63524317367841,True,CONVERGENCE: NORM_OF_PROJECTED_GRADIENT_<=_PGTOL,-1.6670384198577608,0.5021070280538817,0.2578018186860957,-1.1835244254114563,0.645492327475384
order_17,17,17,17,4679,truncated_gaussian,-3.699780994474596,2.5708398149375107,1,2,1.2159751064193745,0.8235517829299634,0.6446807726350412,True,CONVERGENCE: NORM_OF_PROJECTED_GRADIENT_<=_PGTOL,-1.5936076892064144,0.37214358877674497,0.15313680386456316,-0.8240049257590065,0.4127567648807926
order_18,18,18,18,4208,truncated_gaussian,-3.699780994474596,2.5708398149375107,1,2,1.2064300534491526,0.8200370911180324,0.6174588630836183,True,CONVERGENCE: REL_REDUCTION_OF_F_<=_FACTR*EPSMCH,-1.6756752412717568,0.5668150776809564,0.2840036346822123,-1.246133822289198,0.692625806896636
order_19,19,19,19,3845,truncated_gaussian,-3.699780994474596,2.5708398149375107,1,2,1.3023623418397139,0.8998612103342014,0.7101195076325338,True,CONVERGENCE: REL_REDUCTION_OF_F_<=_FACTR*EPSMCH,-1.6904012992312318,0.5100350853033572,0.24531829753542916,-0.9297541029091334,0.5656635464712787
order_20,20,20,20,3471,truncated_gaussian,-3.699780994474596,2.5708398149375107,1,2,1.3033704774154102,0.8986751866541487,0.7141813079790785,True,CONVERGENCE: NORM_OF_PROJECTED_GRADIENT_<=_PGTOL,-1.6489910599143978,0.5589586596388458,0.19586441763346926,-0.7956171365270203,0.476021748337354
order_21,21,21,21,3152,truncated_gaussian,-3.699780994474596,2.5708398149375107,1,2,1.3216094056689385,0.9143302598378924,0.7155249991809327,True,CONVERGENCE: NORM_OF_PROJECTED_GRADIENT_<=_PGTOL,-1.7102909563033115,0.7715975048184057,0.1751994190165992,-0.6842679740974336,0.40439510682612595
order_22,22,22,22,2859,truncated_gaussian,-3.699780994474596,2.5708398149375107,1,2,1.2932311215767585,0.8919109709962345,0.6987370194438298,True,CONVERGENCE: NORM_OF_PROJECTED_GRADIENT_<=_PGTOL,-1.6406720810157382,0.7432571827318807,0.20934097655060277,-1.041162825188286,0.728675740181412
order_23,23,23,23,2561,truncated_gaussian,-3.699780994474596,2.5708398149375107,1,2,1.3271664596789823,0.9166538552049437,0.7138966728234855,True,CONVERGENCE: NORM_OF_PROJECTED_GRADIENT_<=_PGTOL,-1.603227549090002,0.6804616159616151,0.06534150367980533,-0.4065711595660491,0.2561637046580687
order_24,24,24,24,2291,truncated_gaussian,-3.699780994474596,2.5708398149375107,1,2,1.3329603124460654,0.9300120806258576,0.7135084966430376,True,CONVERGENCE: NORM_OF_PROJECTED_GRADIENT_<=_PGTOL,-1.6582458682536527,0.9121901910147661,0.24620601446052248,-1.0442805614827324,0.7321648547900601
order_25,25,25,25,2082,truncated_gaussian,-3.699780994474596,2.5708398149375107,1,2,1.3914077517896792,0.9808224702453924,0.7741465329298652,True,CONVERGENCE: NORM_OF_PROJECTED_GRADIENT_<=_PGTOL,-1.7128235015280813,1.0087301346795035,0.18211559291031185,-0.4497070780250188,0.22877494422951225
order_26,26,26,26,1892,truncated_gaussian,-3.699780994474596,2.5708398149375107,1,2,1.4112557944206174,1.0000820472959848,0.7849632182872317,True,CONVERGENCE: NORM_OF_PROJECTED_GRADIENT_<=_PGTOL,-1.6681622541962315,1.033370299750212,0.19027224191097258,-0.5243375866975768,0.33852142803886565
order_27,27,27,27,1718,truncated_gaussian,-3.699780994474596,2.5708398149375107,1,2,1.3604947569473218,0.9484610229042506,0.7379093128509856,True,CONVERGENCE: NORM_OF_PROJECTED_GRADIENT_<=_PGTOL,-1.607533140595334,0.9983498186186792,0.09244169307769083,-0.43709396272357537,0.2952115608063374
order_28,28,28,28,1552,truncated_gaussian,-3.699780994474596,2.5708398149375107,1,2,1.4175506189084306,1.008348270917027,0.7907759708093023,True,CONVERGENCE: NORM_OF_PROJECTED_GRADIENT_<=_PGTOL,-1.6961491612738755,1.0196069980844944,0.17569034548200743,-0.5736663370868238,0.43104429767551705
order_29,29,29,29,1434,truncated_gaussian,-3.699780994474596,2.5708398149375107,1,2,1.4355586012547472,1.025156413752223,0.8250866575330439,True,CONVERGENCE: REL_REDUCTION_OF_F_<=_FACTR*EPSMCH,-1.6198179548302796,0.9111409676138527,0.02298593406477367,-0.13082596388964624,0.19236256746572747
